Days,Mean,SEM
0,1,0.033384764
1,0.252934703,0.030512847
2,0.117754952,0.030823295
4,0.021398875,0.009176923
